name	version	declared_license	repository
adler2	2.0.1	0BSD OR MIT OR Apache-2.0	https://github.com/oyvindln/adler2
aho-corasick	1.1.5	Unlicense OR MIT	https://github.com/BurntSushi/aho-corasick
aligned	0.4.3	MIT OR Apache-2.0	https://github.com/rust-embedded-community/aligned
aligned-vec	0.6.4	MIT	https://github.com/sarah-ek/aligned-vec/
anyhow	1.0.104	MIT OR Apache-2.0	https://github.com/dtolnay/anyhow
ar_archive_writer	0.5.3	Apache-2.0 WITH LLVM-exception	https://github.com/rust-lang/ar_archive_writer
arc-swap	1.9.2	MIT OR Apache-2.0	https://github.com/vorner/arc-swap
arg_enum_proc_macro	0.3.4	MIT	https://github.com/lu-zero/arg_enum_proc_macro
arrayref	0.3.9	BSD-2-Clause	https://github.com/droundy/arrayref
arrayvec	0.7.8	MIT OR Apache-2.0	https://github.com/bluss/arrayvec
as-slice	0.2.1	MIT OR Apache-2.0	https://github.com/japaric/as-slice
async-channel	1.9.0	Apache-2.0 OR MIT	https://github.com/smol-rs/async-channel
async-channel	2.5.0	Apache-2.0 OR MIT	https://github.com/smol-rs/async-channel
async-compression	0.4.44	MIT OR Apache-2.0	https://github.com/Nullus157/async-compression
async-executor	1.14.0	Apache-2.0 OR MIT	https://github.com/smol-rs/async-executor
async-fs	2.2.0	Apache-2.0 OR MIT	https://github.com/smol-rs/async-fs
async-global-executor	2.4.1	Apache-2.0 OR MIT	https://github.com/Keruspe/async-global-executor
async-io	2.6.0	Apache-2.0 OR MIT	https://github.com/smol-rs/async-io
async-lock	3.4.2	Apache-2.0 OR MIT	https://github.com/smol-rs/async-lock
async-net	2.0.0	Apache-2.0 OR MIT	https://github.com/smol-rs/async-net
async-process	2.5.0	Apache-2.0 OR MIT	https://github.com/smol-rs/async-process
async-signal	0.2.14	Apache-2.0 OR MIT	https://github.com/smol-rs/async-signal
async-std	1.13.2	Apache-2.0 OR MIT	https://github.com/async-rs/async-std
async-task	4.7.1	Apache-2.0 OR MIT	https://github.com/smol-rs/async-task
async_zip	0.0.17	MIT	https://github.com/Majored/rs-async-zip
atomic	0.5.3	Apache-2.0/MIT	https://github.com/Amanieu/atomic-rs
atomic-waker	1.1.2	Apache-2.0 OR MIT	https://github.com/smol-rs/atomic-waker
autocfg	1.5.1	Apache-2.0 OR MIT	https://github.com/cuviper/autocfg
av-scenechange	0.14.1	MIT	https://github.com/rust-av/av-scenechange
av1-grain	0.2.5	BSD-2-Clause	https://github.com/rust-av/av1-grain
avif-serialize	0.8.9	BSD-3-Clause	https://github.com/kornelski/avif-serialize
base62	2.2.4	MIT	https://github.com/fbernier/base62
base64	0.22.1	MIT OR Apache-2.0	https://github.com/marshallpierce/rust-base64
bindgen	0.71.1	BSD-3-Clause	https://github.com/rust-lang/rust-bindgen
bit-set	0.8.0	Apache-2.0 OR MIT	https://github.com/contain-rs/bit-set
bit-vec	0.8.0	Apache-2.0 OR MIT	https://github.com/contain-rs/bit-vec
bit_field	0.10.3	Apache-2.0/MIT	https://github.com/phil-opp/rust-bit-field
bitflags	1.3.2	MIT/Apache-2.0	https://github.com/bitflags/bitflags
bitflags	2.13.1	MIT OR Apache-2.0	https://github.com/bitflags/bitflags
bitstream-io	4.10.0	MIT/Apache-2.0	https://github.com/tuffy/bitstream-io
blade-graphics	0.7.1	MIT	https://github.com/kvark/blade
blade-macros	0.3.0	MIT	https://github.com/kvark/blade
blade-util	0.3.0	MIT	https://github.com/kvark/blade
block	0.1.6	MIT	http://github.com/SSheldon/rust-block
block-buffer	0.10.4	MIT OR Apache-2.0	https://github.com/RustCrypto/utils
block-buffer	0.12.1	MIT OR Apache-2.0	https://github.com/RustCrypto/utils
block2	0.6.2	MIT	https://github.com/madsmtm/objc2
blocking	1.7.0	Apache-2.0 OR MIT	https://github.com/smol-rs/blocking
bstr	1.13.1	MIT OR Apache-2.0	https://github.com/BurntSushi/bstr
built	0.8.1	MIT	https://github.com/lukaslueg/built
bumpalo	3.20.3	MIT OR Apache-2.0	https://github.com/fitzgen/bumpalo
bytemuck	1.25.2	Zlib OR Apache-2.0 OR MIT	https://github.com/Lokathor/bytemuck
bytemuck_derive	1.12.0	Zlib OR Apache-2.0 OR MIT	https://github.com/Lokathor/bytemuck
byteorder	1.5.0	Unlicense OR MIT	https://github.com/BurntSushi/byteorder
byteorder-lite	0.1.0	Unlicense OR MIT	https://github.com/image-rs/byteorder-lite
bytes	1.12.1	MIT	https://github.com/tokio-rs/bytes
cbindgen	0.28.0	MPL-2.0	https://github.com/mozilla/cbindgen
cc	1.2.67	MIT OR Apache-2.0	https://github.com/rust-lang/cc-rs
cexpr	0.6.0	Apache-2.0/MIT	https://github.com/jethrogb/rust-cexpr
cfg-if	1.0.4	MIT OR Apache-2.0	https://github.com/rust-lang/cfg-if
cfg_aliases	0.2.2	MIT	https://github.com/katharostech/cfg_aliases
cgl	0.3.2	MIT / Apache-2.0	https://github.com/servo/cgl-rs
chacha20	0.10.2	MIT OR Apache-2.0	https://github.com/RustCrypto/stream-ciphers
chrono	0.4.45	MIT OR Apache-2.0	https://github.com/chronotope/chrono
clang-sys	1.9.1	Apache-2.0	https://github.com/KyleMayes/clang-sys
cocoa	0.26.0	MIT OR Apache-2.0	https://github.com/servo/core-foundation-rs
cocoa-foundation	0.2.0	MIT OR Apache-2.0	https://github.com/servo/core-foundation-rs
codespan-reporting	0.12.0	Apache-2.0	https://github.com/brendanzab/codespan
color_quant	1.1.0	MIT	https://github.com/image-rs/color_quant.git
command-fds	0.3.3	Apache-2.0	https://github.com/google/command-fds/
compression-codecs	0.4.39	MIT OR Apache-2.0	https://github.com/Nullus157/async-compression
compression-core	0.4.33	MIT OR Apache-2.0	https://github.com/Nullus157/async-compression
concurrent-queue	2.5.0	Apache-2.0 OR MIT	https://github.com/smol-rs/concurrent-queue
const-oid	0.10.2	Apache-2.0 OR MIT	https://github.com/RustCrypto/formats
convert_case	0.4.0	MIT	https://github.com/rutrum/convert-case
core-foundation	0.10.0	MIT OR Apache-2.0	https://github.com/servo/core-foundation-rs
core-foundation	0.9.4	MIT OR Apache-2.0	https://github.com/servo/core-foundation-rs
core-foundation-sys	0.8.7	MIT OR Apache-2.0	https://github.com/servo/core-foundation-rs
core-graphics	0.24.0	MIT OR Apache-2.0	https://github.com/servo/core-foundation-rs
core-graphics-types	0.1.3	MIT OR Apache-2.0	https://github.com/servo/core-foundation-rs
core-graphics-types	0.2.0	MIT OR Apache-2.0	https://github.com/servo/core-foundation-rs
core-graphics2	0.4.1	MIT OR Apache-2.0	https://github.com/rust-media/apple-media-rs
core-text	21.0.0	MIT OR Apache-2.0	https://github.com/servo/core-foundation-rs
core-video	0.4.3	MIT OR Apache-2.0	https://github.com/rust-media/apple-media-rs
core_maths	0.1.1	MIT	https://github.com/robertbastian/core_maths
cpufeatures	0.2.17	MIT OR Apache-2.0	https://github.com/RustCrypto/utils
cpufeatures	0.3.1	MIT OR Apache-2.0	https://github.com/RustCrypto/utils
crc32fast	1.5.1	MIT OR Apache-2.0	https://github.com/srijs/rust-crc32fast
crossbeam-deque	0.8.8	MIT OR Apache-2.0	https://github.com/crossbeam-rs/crossbeam
crossbeam-epoch	0.9.21	MIT OR Apache-2.0	https://github.com/crossbeam-rs/crossbeam
crossbeam-queue	0.3.14	MIT OR Apache-2.0	https://github.com/crossbeam-rs/crossbeam
crossbeam-utils	0.8.23	MIT OR Apache-2.0	https://github.com/crossbeam-rs/crossbeam
crypto-common	0.1.7	MIT OR Apache-2.0	https://github.com/RustCrypto/traits
crypto-common	0.2.2	MIT OR Apache-2.0	https://github.com/RustCrypto/traits
ctor	0.4.3	Apache-2.0 OR MIT	https://github.com/mmastrac/rust-ctor
ctor-proc-macro	0.0.6	Apache-2.0 OR MIT	https://github.com/mmastrac/rust-ctor
data-url	0.3.2	MIT OR Apache-2.0	https://github.com/servo/rust-url
deflate64	0.1.12	MIT	https://github.com/anatawa12/deflate64-rs
derive_more	0.99.20	MIT	https://github.com/JelteF/derive_more
digest	0.10.7	MIT OR Apache-2.0	https://github.com/RustCrypto/traits
digest	0.11.3	MIT OR Apache-2.0	https://github.com/RustCrypto/traits
dirs	4.0.0	MIT OR Apache-2.0	https://github.com/soc/dirs-rs
dirs	5.0.1	MIT OR Apache-2.0	https://github.com/soc/dirs-rs
dirs-sys	0.3.7	MIT OR Apache-2.0	https://github.com/dirs-dev/dirs-sys-rs
dirs-sys	0.4.1	MIT OR Apache-2.0	https://github.com/dirs-dev/dirs-sys-rs
dispatch2	0.3.1	Zlib OR Apache-2.0 OR MIT	https://github.com/madsmtm/objc2
displaydoc	0.2.7	MIT OR Apache-2.0	https://github.com/yaahc/displaydoc
dlib	0.5.3	MIT	https://github.com/elinorbgr/dlib
dtor	0.0.6	Apache-2.0 OR MIT	https://github.com/mmastrac/rust-ctor
dtor-proc-macro	0.0.5	Apache-2.0 OR MIT	https://github.com/mmastrac/rust-ctor
dunce	1.0.5	CC0-1.0 OR MIT-0 OR Apache-2.0	https://gitlab.com/kornelski/dunce
dyn-clone	1.0.20	MIT OR Apache-2.0	https://github.com/dtolnay/dyn-clone
either	1.18.0	MIT OR Apache-2.0	https://github.com/rayon-rs/either
encoding_rs	0.8.35	(Apache-2.0 OR MIT) AND BSD-3-Clause	https://github.com/hsivonen/encoding_rs
enum-iterator	2.3.0	0BSD	https://github.com/stephaneyfx/enum-iterator.git
enum-iterator-derive	1.5.0	0BSD	https://github.com/stephaneyfx/enum-iterator.git
equator	0.4.2	MIT	https://github.com/sarah-ek/equator/
equator-macro	0.4.2	MIT	https://github.com/sarah-ek/equator/
equivalent	1.0.2	Apache-2.0 OR MIT	https://github.com/indexmap-rs/equivalent
erased-serde	0.4.10	MIT OR Apache-2.0	https://github.com/dtolnay/erased-serde
errno	0.3.14	MIT OR Apache-2.0	https://github.com/lambda-fairy/rust-errno
etagere	0.2.15	MIT/Apache-2.0	https://github.com/nical/etagere
euclid	0.22.14	MIT OR Apache-2.0	https://github.com/servo/euclid
event-listener	2.5.3	Apache-2.0 OR MIT	https://github.com/smol-rs/event-listener
event-listener	5.4.2	Apache-2.0 OR MIT	https://github.com/smol-rs/event-listener
event-listener-strategy	0.5.4	Apache-2.0 OR MIT	https://github.com/smol-rs/event-listener-strategy
exr	1.74.2	BSD-3-Clause	https://github.com/johannesvollmer/exrs
fastrand	1.9.0	Apache-2.0 OR MIT	https://github.com/smol-rs/fastrand
fastrand	2.5.0	Apache-2.0 OR MIT	https://github.com/smol-rs/fastrand
fax	0.2.7	MIT	https://github.com/pdf-rs/fax
fdeflate	0.3.7	MIT OR Apache-2.0	https://github.com/image-rs/fdeflate
filetime	0.2.29	MIT/Apache-2.0	https://github.com/alexcrichton/filetime
find-msvc-tools	0.1.12	MIT OR Apache-2.0	https://github.com/rust-lang/cc-rs
flate2	1.1.10	MIT OR Apache-2.0	https://github.com/rust-lang/flate2-rs
float-cmp	0.9.0	MIT	https://github.com/mikedilger/float-cmp
float-ord	0.3.2	MIT / Apache-2.0	https://github.com/notriddle/rust-float-ord
float_next_after	1.0.0	MIT	https://gitlab.com/bronsonbdevost/next_afterf
fluent-uri	0.1.4	MIT	https://github.com/yescallop/fluent-uri-rs
fnv	1.0.7	Apache-2.0 / MIT	https://github.com/servo/rust-fnv
foldhash	0.1.5	Zlib	https://github.com/orlp/foldhash
fontdb	0.23.0	MIT	https://github.com/RazrFalcon/fontdb
foreign-types	0.5.0	MIT/Apache-2.0	https://github.com/sfackler/foreign-types
foreign-types-macros	0.2.4	MIT/Apache-2.0	https://github.com/sfackler/foreign-types
foreign-types-shared	0.3.1	MIT/Apache-2.0	https://github.com/sfackler/foreign-types
form_urlencoded	1.2.2	MIT OR Apache-2.0	https://github.com/servo/rust-url
fsevent-sys	4.1.0	MIT	https://github.com/octplane/fsevent-rust/tree/master/fsevent-sys
futf	0.1.5	MIT / Apache-2.0	https://github.com/servo/futf
futures	0.3.34	MIT OR Apache-2.0	https://github.com/rust-lang/futures-rs
futures-channel	0.3.34	MIT OR Apache-2.0	https://github.com/rust-lang/futures-rs
futures-core	0.3.34	MIT OR Apache-2.0	https://github.com/rust-lang/futures-rs
futures-executor	0.3.34	MIT OR Apache-2.0	https://github.com/rust-lang/futures-rs
futures-io	0.3.34	MIT OR Apache-2.0	https://github.com/rust-lang/futures-rs
futures-lite	1.13.0	Apache-2.0 OR MIT	https://github.com/smol-rs/futures-lite
futures-lite	2.6.1	Apache-2.0 OR MIT	https://github.com/smol-rs/futures-lite
futures-macro	0.3.34	MIT OR Apache-2.0	https://github.com/rust-lang/futures-rs
futures-sink	0.3.34	MIT OR Apache-2.0	https://github.com/rust-lang/futures-rs
futures-task	0.3.34	MIT OR Apache-2.0	https://github.com/rust-lang/futures-rs
futures-util	0.3.34	MIT OR Apache-2.0	https://github.com/rust-lang/futures-rs
generic-array	0.14.7	MIT	https://github.com/fizyk20/generic-array.git
getrandom	0.2.17	MIT OR Apache-2.0	https://github.com/rust-random/getrandom
getrandom	0.4.3	MIT OR Apache-2.0	https://github.com/rust-random/getrandom
gif	0.14.2	MIT OR Apache-2.0	https://github.com/image-rs/image-gif
glob	0.3.4	MIT OR Apache-2.0	https://github.com/rust-lang/glob
globset	0.4.20	Unlicense OR MIT	https://github.com/BurntSushi/ripgrep/tree/master/crates/globset
globwalk	0.8.1	MIT	https://github.com/gilnaa/globwalk
gpui	0.2.2	Apache-2.0	https://github.com/zed-industries/zed
gpui-component	0.5.1	Apache-2.0	https://github.com/longbridge/gpui-component
gpui-component-assets	0.5.1	Apache-2.0	https://github.com/longbridge/gpui-component
gpui-component-macros	0.5.1	Apache-2.0	
gpui-macros	0.2.2	Apache-2.0	
gpui_collections	0.2.2	Apache-2.0	
gpui_derive_refineable	0.2.2	Apache-2.0	
gpui_http_client	0.2.2	Apache-2.0	
gpui_media	0.2.2	Apache-2.0	
gpui_perf	0.2.2	Apache-2.0	
gpui_refineable	0.2.2	Apache-2.0	
gpui_semantic_version	0.2.2	Apache-2.0	
gpui_sum_tree	0.2.2	Apache-2.0	
gpui_util	0.2.2	Apache-2.0	
gpui_util_macros	0.2.2	Apache-2.0	
grid	0.18.0	MIT	https://github.com/becheran/grid
h2	0.4.19	MIT	https://github.com/hyperium/h2
half	2.7.1	MIT OR Apache-2.0	https://github.com/VoidStarKat/half-rs
hashbrown	0.15.5	MIT OR Apache-2.0	https://github.com/rust-lang/hashbrown
hashbrown	0.17.1	MIT OR Apache-2.0	https://github.com/rust-lang/hashbrown
heck	0.4.1	MIT OR Apache-2.0	https://github.com/withoutboats/heck
heck	0.5.0	MIT OR Apache-2.0	https://github.com/withoutboats/heck
hexf-parse	0.2.1	CC0-1.0	https://github.com/lifthrasiir/hexf
hidden-trait	0.1.2	MIT	https://github.com/kvark/hidden-trait
home	0.5.12	MIT OR Apache-2.0	https://github.com/rust-lang/cargo
html5ever	0.27.0	MIT OR Apache-2.0	https://github.com/servo/html5ever
http	1.5.0	MIT OR Apache-2.0	https://github.com/hyperium/http
http-body	1.1.0	MIT	https://github.com/hyperium/http-body
http-body-util	0.1.5	MIT	https://github.com/hyperium/http-body
httparse	1.10.1	MIT OR Apache-2.0	https://github.com/seanmonstar/httparse
hybrid-array	0.4.14	MIT OR Apache-2.0	https://github.com/RustCrypto/hybrid-array
hyper	1.11.1	MIT	https://github.com/hyperium/hyper
hyper-rustls	0.27.9	Apache-2.0 OR ISC OR MIT	https://github.com/rustls/hyper-rustls
hyper-util	0.1.20	MIT	https://github.com/hyperium/hyper-util
iana-time-zone	0.1.65	MIT OR Apache-2.0	https://github.com/strawlab/iana-time-zone
icu_collections	2.3.0	Unicode-3.0	https://github.com/unicode-org/icu4x
icu_locale_core	2.3.0	Unicode-3.0	https://github.com/unicode-org/icu4x
icu_normalizer	2.3.0	Unicode-3.0	https://github.com/unicode-org/icu4x
icu_normalizer_data	2.3.0	Unicode-3.0	https://github.com/unicode-org/icu4x
icu_properties	2.3.0	Unicode-3.0	https://github.com/unicode-org/icu4x
icu_properties_data	2.3.0	Unicode-3.0	https://github.com/unicode-org/icu4x
icu_provider	2.3.1	Unicode-3.0	https://github.com/unicode-org/icu4x
idna	1.1.0	MIT OR Apache-2.0	https://github.com/servo/rust-url/
idna_adapter	1.2.2	Apache-2.0 OR MIT	https://github.com/hsivonen/idna_adapter
ignore	0.4.33	Unlicense OR MIT	https://github.com/BurntSushi/ripgrep/tree/master/crates/ignore
image	0.25.10	MIT OR Apache-2.0	https://github.com/image-rs/image
image-webp	0.2.4	MIT OR Apache-2.0	https://github.com/image-rs/image-webp
imagesize	0.13.0	MIT	https://github.com/Roughsketch/imagesize
imgref	1.12.3	CC0-1.0 OR Apache-2.0	https://github.com/kornelski/imgref
indexmap	2.14.2	Apache-2.0 OR MIT	https://github.com/indexmap-rs/indexmap
instant	0.1.13	BSD-3-Clause	https://github.com/sebcrozet/instant
inventory	0.3.24	MIT OR Apache-2.0	https://github.com/dtolnay/inventory
io-surface	0.16.1	MIT OR Apache-2.0	https://github.com/servo/core-foundation-rs
ipnet	2.12.2	MIT OR Apache-2.0	https://github.com/krisprice/ipnet
itertools	0.11.0	MIT OR Apache-2.0	https://github.com/rust-itertools/itertools
itertools	0.13.0	MIT OR Apache-2.0	https://github.com/rust-itertools/itertools
itertools	0.14.0	MIT OR Apache-2.0	https://github.com/rust-itertools/itertools
itoa	1.0.18	MIT OR Apache-2.0	https://github.com/dtolnay/itoa
jobserver	0.1.35	MIT OR Apache-2.0	https://github.com/rust-lang/jobserver-rs
kurbo	0.11.3	Apache-2.0 OR MIT	https://github.com/linebender/kurbo
kv-log-macro	1.0.7	MIT OR Apache-2.0	https://github.com/yoshuawuyts/kv-log-macro
lazy_static	1.5.0	MIT OR Apache-2.0	https://github.com/rust-lang-nursery/lazy-static.rs
leak	0.1.2	Apache-2.0 OR MIT	https://github.com/jmesmon/leak.git
leaky-cow	0.1.1	MIT / Apache-2.0	https://github.com/notriddle/rust-leaky-cow
lebe	0.5.3	BSD-3-Clause	https://github.com/johannesvollmer/lebe
libc	0.2.189	MIT OR Apache-2.0	https://github.com/rust-lang/libc
libloading	0.8.9	ISC	https://github.com/nagisa/rust_libloading/
libm	0.2.16	MIT	https://github.com/rust-lang/compiler-builtins
litemap	0.8.3	Unicode-3.0	https://github.com/unicode-org/icu4x
lock_api	0.4.14	MIT OR Apache-2.0	https://github.com/Amanieu/parking_lot
log	0.4.34	MIT OR Apache-2.0	https://github.com/rust-lang/log
loop9	0.1.5	MIT	https://gitlab.com/kornelski/loop9.git
lru-slab	0.1.2	MIT OR Apache-2.0 OR Zlib	https://github.com/Ralith/lru-slab
lsp-types	0.97.0	MIT	https://github.com/gluon-lang/lsp-types
lyon	1.0.19	MIT OR Apache-2.0	https://github.com/nical/lyon
lyon_algorithms	1.0.21	MIT OR Apache-2.0	https://github.com/nical/lyon
lyon_geom	1.0.19	MIT OR Apache-2.0	https://github.com/nical/lyon
lyon_path	1.0.19	MIT OR Apache-2.0	https://github.com/nical/lyon
lyon_tessellation	1.0.22	MIT OR Apache-2.0	https://github.com/nical/lyon
mac	0.1.1	MIT/Apache-2.0	https://github.com/reem/rust-mac.git
malloc_buf	0.0.6	MIT	https://github.com/SSheldon/malloc_buf
markdown	1.0.0	MIT	https://github.com/wooorm/markdown-rs
markup5ever	0.12.1	MIT OR Apache-2.0	https://github.com/servo/html5ever
markup5ever_rcdom	0.3.0	MIT OR Apache-2.0	https://github.com/servo/html5ever
maybe-rayon	0.1.1	MIT	https://github.com/shssoichiro/maybe-rayon
memchr	2.8.3	Unlicense OR MIT	https://github.com/BurntSushi/memchr
memmap2	0.9.11	MIT OR Apache-2.0	https://github.com/RazrFalcon/memmap2-rs
metal	0.29.0	MIT OR Apache-2.0	https://github.com/gfx-rs/metal-rs
mime	0.3.17	MIT OR Apache-2.0	https://github.com/hyperium/mime
mime_guess	2.0.5	MIT	https://github.com/abonander/mime_guess
minimal-lexical	0.2.1	MIT/Apache-2.0	https://github.com/Alexhuszagh/minimal-lexical
miniz_oxide	0.8.9	MIT OR Zlib OR Apache-2.0	https://github.com/Frommi/miniz_oxide/tree/master/miniz_oxide
miniz_oxide	0.9.1	MIT OR Zlib OR Apache-2.0	https://github.com/Frommi/miniz_oxide/tree/master/miniz_oxide
mint	0.5.9	MIT	https://github.com/kvark/mint
mio	1.2.3	MIT	https://github.com/tokio-rs/mio
moxcms	0.8.1	BSD-3-Clause OR Apache-2.0	https://github.com/awxkee/moxcms.git
naga	25.0.1	MIT OR Apache-2.0	https://github.com/gfx-rs/wgpu/tree/trunk/naga
new_debug_unreachable	1.0.6	MIT	https://github.com/mbrubeck/rust-debug-unreachable
nix	0.29.0	MIT	https://github.com/nix-rust/nix
nix	0.31.3	MIT	https://github.com/nix-rust/nix
no_std_io2	0.9.4	Apache-2.0 OR MIT	https://github.com/wcampbell0x2a/no-std-io2
nom	7.1.3	MIT	https://github.com/Geal/nom
nom	8.0.0	MIT	https://github.com/rust-bakery/nom
noop_proc_macro	0.3.0	MIT	https://github.com/lu-zero/noop_proc_macro
normpath	1.5.1	MIT OR Apache-2.0	https://github.com/dylni/normpath
notify	7.0.0	CC0-1.0	https://github.com/notify-rs/notify.git
notify-types	1.0.1	MIT OR Apache-2.0	https://github.com/notify-rs/notify.git
num-bigint	0.4.8	MIT OR Apache-2.0	https://github.com/rust-num/num-bigint
num-complex	0.4.6	MIT OR Apache-2.0	https://github.com/rust-num/num-complex
num-derive	0.4.2	MIT OR Apache-2.0	https://github.com/rust-num/num-derive
num-integer	0.1.47	MIT OR Apache-2.0	https://github.com/rust-num/num-integer
num-rational	0.4.2	MIT OR Apache-2.0	https://github.com/rust-num/num-rational
num-traits	0.2.19	MIT OR Apache-2.0	https://github.com/rust-num/num-traits
num_cpus	1.17.0	MIT OR Apache-2.0	https://github.com/seanmonstar/num_cpus
objc	0.2.7	MIT	http://github.com/SSheldon/rust-objc
objc2	0.6.4	MIT	https://github.com/madsmtm/objc2
objc2-app-kit	0.3.2	Zlib OR Apache-2.0 OR MIT	https://github.com/madsmtm/objc2
objc2-core-foundation	0.3.2	Zlib OR Apache-2.0 OR MIT	https://github.com/madsmtm/objc2
objc2-encode	4.1.0	MIT	https://github.com/madsmtm/objc2
objc2-foundation	0.3.2	MIT	https://github.com/madsmtm/objc2
objc2-metal	0.3.2	Zlib OR Apache-2.0 OR MIT	https://github.com/madsmtm/objc2
objc2-quartz-core	0.3.2	Zlib OR Apache-2.0 OR MIT	https://github.com/madsmtm/objc2
objc_exception	0.1.2	MIT	http://github.com/SSheldon/rust-objc-exception
object	0.39.1	Apache-2.0 OR MIT	https://github.com/gimli-rs/object
once_cell	1.21.4	MIT OR Apache-2.0	https://github.com/matklad/once_cell
option-ext	0.2.0	MPL-2.0	https://github.com/soc/option-ext.git
parking	2.2.1	Apache-2.0 OR MIT	https://github.com/smol-rs/parking
parking_lot	0.12.5	MIT OR Apache-2.0	https://github.com/Amanieu/parking_lot
parking_lot_core	0.9.12	MIT OR Apache-2.0	https://github.com/Amanieu/parking_lot
paste	1.0.15	MIT OR Apache-2.0	https://github.com/dtolnay/paste
pastey	0.1.1	MIT OR Apache-2.0	https://github.com/as1100k/pastey
pathfinder_geometry	0.5.1	MIT/Apache-2.0	https://github.com/servo/pathfinder
pathfinder_simd	0.5.6	MIT OR Apache-2.0	https://github.com/servo/pathfinder
percent-encoding	2.3.2	MIT OR Apache-2.0	https://github.com/servo/rust-url/
phf	0.11.3	MIT	https://github.com/rust-phf/rust-phf
phf_codegen	0.11.3	MIT	https://github.com/rust-phf/rust-phf
phf_generator	0.11.3	MIT	https://github.com/rust-phf/rust-phf
phf_shared	0.11.3	MIT	https://github.com/rust-phf/rust-phf
pico-args	0.5.0	MIT	https://github.com/RazrFalcon/pico-args
pin-project	1.1.13	Apache-2.0 OR MIT	https://github.com/taiki-e/pin-project
pin-project-internal	1.1.13	Apache-2.0 OR MIT	https://github.com/taiki-e/pin-project
pin-project-lite	0.2.17	Apache-2.0 OR MIT	https://github.com/taiki-e/pin-project-lite
pin-utils	0.1.0	MIT OR Apache-2.0	https://github.com/rust-lang-nursery/pin-utils
piper	0.2.5	MIT OR Apache-2.0	https://github.com/smol-rs/piper
pkg-config	0.3.34	MIT OR Apache-2.0	https://github.com/rust-lang/pkg-config-rs
png	0.17.16	MIT OR Apache-2.0	https://github.com/image-rs/image-png
png	0.18.1	MIT OR Apache-2.0	https://github.com/image-rs/image-png
polling	3.11.0	Apache-2.0 OR MIT	https://github.com/smol-rs/polling
pollster	0.2.5	Apache-2.0/MIT	https://github.com/zesterer/pollster
postage	0.5.0	MIT	https://github.com/austinjones/postage-rs
potential_utf	0.1.6	Unicode-3.0	https://github.com/unicode-org/icu4x
ppv-lite86	0.2.21	MIT OR Apache-2.0	https://github.com/cryptocorrosion/cryptocorrosion
precomputed-hash	0.1.1	MIT	https://github.com/emilio/precomputed-hash
prettyplease	0.2.37	MIT OR Apache-2.0	https://github.com/dtolnay/prettyplease
proc-macro-error-attr2	2.0.0	MIT OR Apache-2.0	https://github.com/GnomedDev/proc-macro-error-2
proc-macro-error2	2.0.1	MIT OR Apache-2.0	https://github.com/GnomedDev/proc-macro-error-2
proc-macro2	1.0.107	MIT OR Apache-2.0	https://github.com/dtolnay/proc-macro2
profiling	1.0.18	MIT OR Apache-2.0	https://github.com/aclysma/profiling
profiling-procmacros	1.0.18	MIT OR Apache-2.0	https://github.com/aclysma/profiling
psm	0.1.32	MIT OR Apache-2.0	https://github.com/rust-lang/stacker/
pulp	0.22.3	MIT	https://github.com/sarah-quinones/pulp/
pulp-wasm-simd-flag	0.1.1	MIT	https://github.com/sarah-quinones/pulp/
pxfm	0.1.30	BSD-3-Clause OR Apache-2.0	https://github.com/awxkee/pxfm
qoi	0.4.1	MIT/Apache-2.0	https://github.com/aldanor/qoi-rust
quick-error	2.0.1	MIT/Apache-2.0	http://github.com/tailhook/quick-error
quinn	0.11.11	MIT OR Apache-2.0	https://github.com/quinn-rs/quinn
quinn-proto	0.11.17	MIT OR Apache-2.0	https://github.com/quinn-rs/quinn
quinn-udp	0.5.15	MIT OR Apache-2.0	https://github.com/quinn-rs/quinn
quote	1.0.47	MIT OR Apache-2.0	https://github.com/dtolnay/quote
rand	0.10.2	MIT OR Apache-2.0	https://github.com/rust-random/rand
rand	0.8.8	MIT OR Apache-2.0	https://github.com/rust-random/rand
rand_chacha	0.3.1	MIT OR Apache-2.0	https://github.com/rust-random/rand
rand_core	0.10.1	MIT OR Apache-2.0	https://github.com/rust-random/rand_core
rand_core	0.6.4	MIT OR Apache-2.0	https://github.com/rust-random/rand
rand_pcg	0.10.2	MIT OR Apache-2.0	https://github.com/rust-random/rngs
rav1e	0.8.1	BSD-2-Clause	https://github.com/xiph/rav1e/
ravif	0.13.0	BSD-3-Clause	https://github.com/kornelski/cavif-rs
raw-window-handle	0.6.2	MIT OR Apache-2.0 OR Zlib	https://github.com/rust-windowing/raw-window-handle
rayon	1.12.0	MIT OR Apache-2.0	https://github.com/rayon-rs/rayon
rayon-core	1.13.0	MIT OR Apache-2.0	https://github.com/rayon-rs/rayon
reborrow	0.5.5	MIT	https://github.com/sarah-ek/reborrow/
ref-cast	1.0.27	MIT OR Apache-2.0	https://github.com/dtolnay/ref-cast
ref-cast-impl	1.0.27	MIT OR Apache-2.0	https://github.com/dtolnay/ref-cast
regex	1.13.1	MIT OR Apache-2.0	https://github.com/rust-lang/regex
regex-automata	0.4.18	MIT OR Apache-2.0	https://github.com/rust-lang/regex
regex-syntax	0.8.11	MIT OR Apache-2.0	https://github.com/rust-lang/regex
resvg	0.45.1	Apache-2.0 OR MIT	https://github.com/linebender/resvg
rgb	0.8.53	MIT	https://github.com/kornelski/rust-rgb
ring	0.17.14	Apache-2.0 AND ISC	https://github.com/briansmith/ring
ropey	2.0.0-beta.1	MIT OR Apache-2.0	https://github.com/cessen/ropey
roxmltree	0.20.0	MIT OR Apache-2.0	https://github.com/RazrFalcon/roxmltree
rust-embed	8.12.0	MIT	https://pyrossh.dev/repos/rust-embed
rust-embed-impl	8.12.0	MIT	https://pyrossh.dev/repos/rust-embed
rust-embed-utils	8.12.0	MIT	https://pyrossh.dev/repos/rust-embed
rust-i18n	3.1.5	MIT	https://github.com/longbridge/rust-i18n
rust-i18n-macro	3.1.5	MIT	https://github.com/longbridge/rust-i18n
rust-i18n-support	3.1.5	MIT	https://github.com/longbridge/rust-i18n
rustc-hash	1.1.0	Apache-2.0/MIT	https://github.com/rust-lang-nursery/rustc-hash
rustc-hash	2.1.3	Apache-2.0 OR MIT	https://github.com/rust-lang/rustc-hash
rustc_version	0.4.1	MIT OR Apache-2.0	https://github.com/djc/rustc-version-rs
rustix	0.38.44	Apache-2.0 WITH LLVM-exception OR Apache-2.0 OR MIT	https://github.com/bytecodealliance/rustix
rustix	1.1.4	Apache-2.0 WITH LLVM-exception OR Apache-2.0 OR MIT	https://github.com/bytecodealliance/rustix
rustls	0.23.43	Apache-2.0 OR ISC OR MIT	https://github.com/rustls/rustls
rustls-native-certs	0.8.4	Apache-2.0 OR ISC OR MIT	https://github.com/rustls/rustls-native-certs
rustls-pemfile	2.2.0	Apache-2.0 OR ISC OR MIT	https://github.com/rustls/pemfile
rustls-pki-types	1.15.1	MIT OR Apache-2.0	https://github.com/rustls/pki-types
rustls-webpki	0.103.15	ISC	https://github.com/rustls/webpki
rustversion	1.0.23	MIT OR Apache-2.0	https://github.com/dtolnay/rustversion
rustybuzz	0.20.1	MIT	https://github.com/harfbuzz/rustybuzz
ryu	1.0.23	Apache-2.0 OR BSL-1.0	https://github.com/dtolnay/ryu
same-file	1.0.6	Unlicense/MIT	https://github.com/BurntSushi/same-file
schemars	1.2.2	MIT	https://github.com/GREsau/schemars
schemars_derive	1.2.2	MIT	https://github.com/GREsau/schemars
scopeguard	1.2.0	MIT OR Apache-2.0	https://github.com/bluss/scopeguard
seahash	4.1.0	MIT	https://gitlab.redox-os.org/redox-os/seahash
security-framework	3.7.0	MIT OR Apache-2.0	https://github.com/kornelski/rust-security-framework
security-framework-sys	2.17.0	MIT OR Apache-2.0	https://github.com/kornelski/rust-security-framework
semver	1.0.28	MIT OR Apache-2.0	https://github.com/dtolnay/semver
serde	1.0.229	MIT OR Apache-2.0	https://github.com/serde-rs/serde
serde_core	1.0.229	MIT OR Apache-2.0	https://github.com/serde-rs/serde
serde_derive	1.0.229	MIT OR Apache-2.0	https://github.com/serde-rs/serde
serde_derive_internals	0.30.0	MIT OR Apache-2.0	https://github.com/serde-rs/serde
serde_fmt	1.1.0	Apache-2.0 OR MIT	https://github.com/KodrAus/serde_fmt.git
serde_json	1.0.151	MIT OR Apache-2.0	https://github.com/serde-rs/json
serde_json_lenient	0.2.4	MIT/Apache-2.0	https://github.com/google/serde_json_lenient
serde_repr	0.1.21	MIT OR Apache-2.0	https://github.com/dtolnay/serde-repr
serde_spanned	0.6.9	MIT OR Apache-2.0	https://github.com/toml-rs/toml
serde_urlencoded	0.7.1	MIT/Apache-2.0	https://github.com/nox/serde_urlencoded
serde_yaml	0.9.34+deprecated	MIT OR Apache-2.0	https://github.com/dtolnay/serde-yaml
sha1_smol	1.0.1	BSD-3-Clause	https://github.com/mitsuhiko/sha1-smol
sha2	0.10.9	MIT OR Apache-2.0	https://github.com/RustCrypto/hashes
sha2	0.11.0	MIT OR Apache-2.0	https://github.com/RustCrypto/hashes
shellexpand	3.1.2	MIT/Apache-2.0	https://gitlab.com/ijackson/rust-shellexpand
shlex	1.3.0	MIT OR Apache-2.0	https://github.com/comex/rust-shlex
shlex	2.0.1	MIT OR Apache-2.0	https://github.com/comex/rust-shlex
signal-hook-registry	1.4.8	MIT OR Apache-2.0	https://github.com/vorner/signal-hook
simd-adler32	0.3.10	MIT	https://github.com/mcountryman/simd-adler32
simd_helpers	0.1.0	MIT	https://github.com/lu-zero/simd_helpers
simplecss	0.2.2	Apache-2.0 OR MIT	https://github.com/linebender/simplecss
siphasher	1.0.3	MIT/Apache-2.0	https://github.com/jedisct1/rust-siphash
slab	0.4.12	MIT	https://github.com/tokio-rs/slab
slotmap	1.1.1	Zlib	https://github.com/orlp/slotmap
smallvec	1.16.0	MIT OR Apache-2.0	https://github.com/servo/rust-smallvec
smol	2.0.2	Apache-2.0 OR MIT	https://github.com/smol-rs/smol
socket2	0.6.5	MIT OR Apache-2.0	https://github.com/rust-lang/socket2
spin	0.9.9	MIT	https://github.com/mvdnes/spin-rs.git
spirv	0.3.0+sdk-1.3.268.0	Apache-2.0	https://github.com/gfx-rs/rspirv
stable_deref_trait	1.2.1	MIT OR Apache-2.0	https://github.com/storyyeller/stable_deref_trait
stacker	0.1.25	MIT OR Apache-2.0	https://github.com/rust-lang/stacker
stacksafe	0.1.4	Apache-2.0	https://github.com/fast/stacksafe
stacksafe-macro	0.1.4	Apache-2.0	https://github.com/fast/stacksafe
static_assertions	1.1.0	MIT OR Apache-2.0	https://github.com/nvzqz/static-assertions-rs
str_indices	0.4.4	MIT OR Apache-2.0	https://github.com/cessen/str_indices
streaming-iterator	0.1.9	MIT OR Apache-2.0	https://github.com/sfackler/streaming-iterator
strict-num	0.1.1	MIT	https://github.com/RazrFalcon/strict-num
string_cache	0.8.9	MIT OR Apache-2.0	https://github.com/servo/string-cache
string_cache_codegen	0.5.4	MIT OR Apache-2.0	https://github.com/servo/string-cache
strum	0.26.3	MIT	https://github.com/Peternator7/strum
strum	0.27.2	MIT	https://github.com/Peternator7/strum
strum_macros	0.26.4	MIT	https://github.com/Peternator7/strum
strum_macros	0.27.2	MIT	https://github.com/Peternator7/strum
subtle	2.6.1	BSD-3-Clause	https://github.com/dalek-cryptography/subtle
sval	2.22.0	Apache-2.0 OR MIT	https://github.com/sval-rs/sval
sval_buffer	2.22.0	Apache-2.0 OR MIT	https://github.com/sval-rs/sval
sval_dynamic	2.22.0	Apache-2.0 OR MIT	https://github.com/sval-rs/sval
sval_fmt	2.22.0	Apache-2.0 OR MIT	https://github.com/sval-rs/sval
sval_json	2.22.0	Apache-2.0 OR MIT	https://github.com/sval-rs/sval
sval_nested	2.22.0	Apache-2.0 OR MIT	https://github.com/sval-rs/sval
sval_ref	2.22.0	Apache-2.0 OR MIT	https://github.com/sval-rs/sval
sval_serde	2.22.0	Apache-2.0 OR MIT	https://github.com/sval-rs/sval
svg_fmt	0.4.5	MIT/Apache-2.0	https://github.com/nical/rust_debug
svgtypes	0.15.3	Apache-2.0 OR MIT	https://github.com/linebender/svgtypes
syn	1.0.109	MIT OR Apache-2.0	https://github.com/dtolnay/syn
syn	2.0.119	MIT OR Apache-2.0	https://github.com/dtolnay/syn
syn	3.0.5	MIT OR Apache-2.0	https://github.com/dtolnay/syn
sync_wrapper	1.0.2	Apache-2.0	https://github.com/Actyx/sync_wrapper
synstructure	0.13.2	MIT	https://github.com/mystor/synstructure
system-configuration	0.6.1	MIT OR Apache-2.0	https://github.com/mullvad/system-configuration-rs
system-configuration-sys	0.6.0	MIT OR Apache-2.0	https://github.com/mullvad/system-configuration-rs
taffy	0.9.0	MIT	https://github.com/DioxusLabs/taffy
take-until	0.2.0	MIT	https://github.com/hdevalke/take-until.git
tempfile	3.27.0	MIT OR Apache-2.0	https://github.com/Stebalien/tempfile
tendril	0.4.3	MIT/Apache-2.0	https://github.com/servo/tendril
termcolor	1.4.1	Unlicense OR MIT	https://github.com/BurntSushi/termcolor
thiserror	1.0.69	MIT OR Apache-2.0	https://github.com/dtolnay/thiserror
thiserror	2.0.20	MIT OR Apache-2.0	https://github.com/dtolnay/thiserror
thiserror-impl	1.0.69	MIT OR Apache-2.0	https://github.com/dtolnay/thiserror
thiserror-impl	2.0.20	MIT OR Apache-2.0	https://github.com/dtolnay/thiserror
tiff	0.11.3	MIT	https://github.com/image-rs/image-tiff
tiny-skia	0.11.4	BSD-3-Clause	https://github.com/RazrFalcon/tiny-skia
tiny-skia-path	0.11.4	BSD-3-Clause	https://github.com/RazrFalcon/tiny-skia/tree/master/path
tinystr	0.8.4	Unicode-3.0	https://github.com/unicode-org/icu4x
tinyvec	1.13.2	Zlib OR Apache-2.0 OR MIT	https://github.com/Lokathor/tinyvec
tinyvec_macros	0.1.1	MIT OR Apache-2.0 OR Zlib	https://github.com/Soveu/tinyvec_macros
tokio	1.53.1	MIT	https://github.com/tokio-rs/tokio
tokio-rustls	0.26.5	MIT OR Apache-2.0	https://github.com/rustls/tokio-rustls
tokio-socks	0.5.3	MIT	https://github.com/sticnarf/tokio-socks
tokio-util	0.7.19	MIT	https://github.com/tokio-rs/tokio
toml	0.8.23	MIT OR Apache-2.0	https://github.com/toml-rs/toml
toml_datetime	0.6.11	MIT OR Apache-2.0	https://github.com/toml-rs/toml
toml_edit	0.22.27	MIT OR Apache-2.0	https://github.com/toml-rs/toml
toml_write	0.1.2	MIT OR Apache-2.0	https://github.com/toml-rs/toml
tower	0.5.3	MIT	https://github.com/tower-rs/tower
tower-layer	0.3.3	MIT	https://github.com/tower-rs/tower
tower-service	0.3.3	MIT	https://github.com/tower-rs/tower
tracing	0.1.44	MIT	https://github.com/tokio-rs/tracing
tracing-attributes	0.1.31	MIT	https://github.com/tokio-rs/tracing
tracing-core	0.1.36	MIT	https://github.com/tokio-rs/tracing
tree-sitter	0.25.10	MIT	https://github.com/tree-sitter/tree-sitter
tree-sitter-bash	0.23.3	MIT	https://github.com/tree-sitter/tree-sitter-bash
tree-sitter-c	0.24.2	MIT	https://github.com/tree-sitter/tree-sitter-c
tree-sitter-c-sharp	0.23.5	MIT	https://github.com/tree-sitter/tree-sitter-c-sharp
tree-sitter-cmake	0.7.4	MIT	https://github.com/uyha/tree-sitter-cmake
tree-sitter-cpp	0.23.4	MIT	https://github.com/tree-sitter/tree-sitter-cpp
tree-sitter-css	0.23.2	MIT	https://github.com/tree-sitter/tree-sitter-css
tree-sitter-diff	0.1.0	MIT	https://github.com/tree-sitter/tree-sitter-diff
tree-sitter-elixir	0.3.5	Apache-2.0	https://github.com/elixir-lang/tree-sitter-elixir
tree-sitter-embedded-template	0.23.2	MIT	https://github.com/tree-sitter/tree-sitter-embedded-template
tree-sitter-go	0.23.4	MIT	https://github.com/tree-sitter/tree-sitter-go
tree-sitter-graphql	0.1.0	license-file: LICENSE (MIT; verified)	https://github.com/joowani/tree-sitter-graphql
tree-sitter-html	0.23.2	MIT	https://github.com/tree-sitter/tree-sitter-html
tree-sitter-java	0.23.5	MIT	https://github.com/tree-sitter/tree-sitter-java
tree-sitter-javascript	0.23.1	MIT	https://github.com/tree-sitter/tree-sitter-javascript
tree-sitter-jsdoc	0.23.2	MIT	https://github.com/tree-sitter/tree-sitter-jsdoc
tree-sitter-json	0.24.8	MIT	https://github.com/tree-sitter/tree-sitter-json
tree-sitter-language	0.1.8	MIT	https://github.com/tree-sitter/tree-sitter
tree-sitter-make	1.1.1	MIT	https://github.com/tree-sitter-grammars/tree-sitter-make
tree-sitter-md	0.5.3	MIT	https://github.com/tree-sitter-grammars/tree-sitter-markdown
tree-sitter-proto	0.2.0	MIT	https://github.com/coder3101/tree-sitter-proto
tree-sitter-python	0.23.6	MIT	https://github.com/tree-sitter/tree-sitter-python
tree-sitter-ruby	0.23.1	MIT	https://github.com/tree-sitter/tree-sitter-ruby
tree-sitter-rust	0.24.2	MIT	https://github.com/tree-sitter/tree-sitter-rust
tree-sitter-scala	0.23.4	MIT	https://github.com/tree-sitter/tree-sitter-scala
tree-sitter-sequel	0.3.11	MIT	https://github.com/derekstride/tree-sitter-sql.git
tree-sitter-swift	0.7.3	MIT	https://github.com/alex-pinkus/tree-sitter-swift
tree-sitter-toml-ng	0.7.0	MIT	https://github.com/tree-sitter-grammars/tree-sitter-toml
tree-sitter-typescript	0.23.2	MIT	https://github.com/tree-sitter/tree-sitter-typescript
tree-sitter-yaml	0.7.2	MIT	https://github.com/tree-sitter-grammars/tree-sitter-yaml
tree-sitter-zig	1.1.2	MIT	https://github.com/tree-sitter-grammars/tree-sitter-zig
triomphe	0.1.16	MIT OR Apache-2.0	https://github.com/Manishearth/triomphe
try-lock	0.2.5	MIT	https://github.com/seanmonstar/try-lock
ttf-parser	0.25.1	MIT OR Apache-2.0	https://github.com/harfbuzz/ttf-parser
typeid	1.0.3	MIT OR Apache-2.0	https://github.com/dtolnay/typeid
typenum	1.20.1	MIT OR Apache-2.0	https://github.com/paholg/typenum
unicase	2.9.0	MIT OR Apache-2.0	https://github.com/seanmonstar/unicase
unicode-bidi	0.3.18	MIT OR Apache-2.0	https://github.com/servo/unicode-bidi
unicode-bidi-mirroring	0.4.0	MIT/Apache-2.0	https://github.com/RazrFalcon/unicode-bidi-mirroring
unicode-ccc	0.4.0	MIT/Apache-2.0	https://github.com/RazrFalcon/unicode-ccc
unicode-id	0.3.6	MIT OR Apache-2.0	https://github.com/Boshen/unicode-id
unicode-ident	1.0.24	(MIT OR Apache-2.0) AND Unicode-3.0	https://github.com/dtolnay/unicode-ident
unicode-properties	0.1.4	MIT/Apache-2.0	https://github.com/unicode-rs/unicode-properties
unicode-script	0.5.8	MIT OR Apache-2.0	https://github.com/unicode-rs/unicode-script
unicode-segmentation	1.13.3	MIT OR Apache-2.0	https://github.com/unicode-rs/unicode-segmentation
unicode-vo	0.1.0	MIT/Apache-2.0	https://github.com/RazrFalcon/unicode-vo
unicode-width	0.2.2	MIT OR Apache-2.0	https://github.com/unicode-rs/unicode-width
unsafe-libyaml	0.2.11	MIT	https://github.com/dtolnay/unsafe-libyaml
untrusted	0.9.0	ISC	https://github.com/briansmith/untrusted
url	2.5.8	MIT OR Apache-2.0	https://github.com/servo/rust-url
usvg	0.45.1	Apache-2.0 OR MIT	https://github.com/linebender/resvg
utf-8	0.7.6	MIT OR Apache-2.0	https://github.com/SimonSapin/rust-utf8
utf8_iter	1.0.4	Apache-2.0 OR MIT	https://github.com/hsivonen/utf8_iter
uuid	1.26.0	Apache-2.0 OR MIT	https://github.com/uuid-rs/uuid
v_frame	0.3.9	BSD-2-Clause	https://github.com/rust-av/v_frame
value-bag	1.14.1	Apache-2.0 OR MIT	https://github.com/sval-rs/value-bag
value-bag-serde1	1.14.1	Apache-2.0 OR MIT	
value-bag-sval2	1.14.1	Apache-2.0 OR MIT	
version_check	0.9.5	MIT/Apache-2.0	https://github.com/SergioBenitez/version_check
waker-fn	1.2.0	Apache-2.0 OR MIT	https://github.com/smol-rs/waker-fn
walkdir	2.5.0	Unlicense/MIT	https://github.com/BurntSushi/walkdir
want	0.3.1	MIT	https://github.com/seanmonstar/want
wasm-bindgen	0.2.128	MIT OR Apache-2.0	https://github.com/wasm-bindgen/wasm-bindgen
wasm-bindgen-macro	0.2.128	MIT OR Apache-2.0	https://github.com/wasm-bindgen/wasm-bindgen/tree/master/crates/macro
wasm-bindgen-macro-support	0.2.128	MIT OR Apache-2.0	https://github.com/wasm-bindgen/wasm-bindgen/tree/main/crates/macro-support
wasm-bindgen-shared	0.2.128	MIT OR Apache-2.0	https://github.com/wasm-bindgen/wasm-bindgen/tree/master/crates/shared
weezl	0.1.12	MIT OR Apache-2.0	https://github.com/image-rs/weezl
which	6.0.3	MIT	https://github.com/harryfei/which-rs.git
winnow	0.7.15	MIT	https://github.com/winnow-rs/winnow
workspace-hack	0.1.0	CC0-1.0	https://github.com/facebookincubator/cargo-guppy
writeable	0.6.4	Unicode-3.0	https://github.com/unicode-org/icu4x
xattr	0.2.3	MIT/Apache-2.0	https://github.com/Stebalien/xattr
xml5ever	0.18.1	MIT OR Apache-2.0	https://github.com/servo/html5ever
xmlwriter	0.1.0	MIT	https://github.com/RazrFalcon/xmlwriter
y4m	0.8.0	MIT	https://github.com/image-rs/y4m.git
yeslogic-fontconfig-sys	6.0.1	MIT	https://github.com/yeslogic/fontconfig-rs
yoke	0.8.3	Unicode-3.0	https://github.com/unicode-org/icu4x
yoke-derive	0.8.2	Unicode-3.0	https://github.com/unicode-org/icu4x
zed-async-tar	0.5.0-zed	MIT/Apache-2.0	https://github.com/dignifiedquire/async-tar
zed-font-kit	0.14.1-zed	MIT OR Apache-2.0	https://github.com/servo/font-kit
zed-reqwest	0.12.15-zed	MIT OR Apache-2.0	https://github.com/seanmonstar/reqwest
zed-sum-tree	0.2.0	Apache-2.0	
zerocopy	0.8.56	BSD-2-Clause OR Apache-2.0 OR MIT	https://github.com/google/zerocopy
zerocopy-derive	0.8.56	BSD-2-Clause OR Apache-2.0 OR MIT	https://github.com/google/zerocopy
zerofrom	0.1.8	Unicode-3.0	https://github.com/unicode-org/icu4x
zerofrom-derive	0.1.7	Unicode-3.0	https://github.com/unicode-org/icu4x
zeroize	1.9.0	Apache-2.0 OR MIT	https://github.com/RustCrypto/utils
zeroize_derive	1.5.0	Apache-2.0 OR MIT	https://github.com/RustCrypto/utils
zerotrie	0.2.5	Unicode-3.0	https://github.com/unicode-org/icu4x
zerovec	0.11.8	Unicode-3.0	https://github.com/unicode-org/icu4x
zerovec-derive	0.11.6	Unicode-3.0	https://github.com/unicode-org/icu4x
zlib-rs	0.6.7	Zlib	https://github.com/trifectatechfoundation/zlib-rs
zmij	1.0.23	MIT	https://github.com/dtolnay/zmij
zune-core	0.5.3	MIT OR Apache-2.0 OR Zlib	https://github.com/etemesi254/zune-image
zune-inflate	0.2.54	MIT OR Apache-2.0 OR Zlib	
zune-jpeg	0.5.15	MIT OR Apache-2.0 OR Zlib	https://github.com/etemesi254/zune-image/tree/dev/crates/zune-jpeg
